UWAGI,WARIANT,FENOTYP,ASIP1,ASIP2,TYRP1,TYRP2,TYR1,TYR2,MYO5A1,MYO5A2,OCA1,OCA2,MLPH1,MLPH2,PMEL1,PMEL2,ATP7A,KIT1,KIT2,EDNRB1,EDNRB2,MC1R1,MC1R2,AP3B1,AP3B2,U1,U2,RW1,RW2,SPL1,SPL2,RN1,RN2,FZ1,FZ2
,ticked,agouti,A,.,B,.,C,.,D,.,P,.,,,,,,,,,,,,,,,,,,,,,,,
,ticked,agouti white-bellied,Aw,.,B,.,C,.,D,.,P,.,,,,,,,,,,,,,,,,,,,,,,,
,ticked,agouti tan,A,at,B,.,C,.,D,.,P,.,,,,,,,,,,,,,,,,,,,,,,,
,ticked,argente,A,.,B,.,C,.,D,.,p,p,,,,,,,,,,,,,,,,,,,,,,,
,ticked,argente tan,A,at,B,.,C,.,D,.,p,p,,,,,,,,,,,,,,,,,,,,,,,
,ticked,argente tan,Aw,at,B,.,C,.,D,.,p,p,,,,,,,,,,,,,,,,,,,,,,,
,ticked,cynamon agouti,A,.,b,b,C,.,D,.,P,.,,,,,,,,,,,,,,,,,,,,,,,
,ticked,cynamon tan,A,at,b,b,C,.,D,.,P,.,,,,,,,,,,,,,,,,,,,,,,,
,ticked,blue agouti,A,.,B,.,C,.,d,d,P,.,,,,,,,,,,,,,,,,,,,,,,,
,ticked,blue agouti,A,.,B,.,C,.,D,.,P,.,ln,ln,,,,,,,,,,,,,,,,,,,,,
,ticked,blue agouti tan,A,at,B,.,C,.,d,d,P,.,,,,,,,,,,,,,,,,,,,,,,,
,ticked,blue agouti tan,A,at,B,.,C,.,D,.,P,.,ln,ln,,,,,,,,,,,,,,,,,,,,,
,ticked,silver agouti,A,.,B,.,cch,cch,D,.,P,.,,,,,,,,,,,,,,,,,,,,,,,
,ticked,chinchilla,A,at,B,.,cch,cch,D,.,P,.,,,,,,,,,,,,,,,,,,,,,,,
,ticked,argente cream,A,at,B,.,cch,cch,D,.,p,p,,,,,,,,,,,,,,,,,,,,,,,
,ticked,argente ut,A,.,b,b,C,.,D,.,p,p,,,,,,,,,,,,,,,,,,,,,,,
,ticked,argente ut,a,a,b,b,C,.,d,d,p,p,,,,,,,,,,,,,,,,,,,,,,,
,self,black,a,a,B,.,C,.,D,.,P,.,,,,,,,,,,,,,,,,,,,,,,,
,self,black fox,at,at,B,.,cch,cch,D,.,P,.,,,,,,,,,,,,,,,,,,,,,,,
,self,black fox,at,a,B,.,cch,cch,D,.,P,.,,,,,,,,,,,,,,,,,,,,,,,
,self,black tan,at,at,B,.,C,.,D,.,P,.,,,,,,,,,,,,,,,,,,,,,,,
,self,black tan,at,a,B,.,C,.,D,.,P,.,,,,,,,,,,,,,,,,,,,,,,,
,self,black extreme,ae,ae,B,.,C,.,D,.,P,.,,,,,,,,,,,,,,,,,,,,,,,
,self,dove,a,a,B,.,C,.,D,.,p,p,,,,,,,,,,,,,,,,,,,,,,,
,self,dove tan,at,at,B,.,C,.,D,.,p,p,,,,,,,,,,,,,,,,,,,,,,,
,self,dove tan,at,a,B,.,C,.,D,.,p,p,,,,,,,,,,,,,,,,,,,,,,,
,self,chocolate,a,a,b,b,C,.,D,.,P,.,,,,,,,,,,,,,,,,,,,,,,,
,self,chocolate tan,at,at,b,b,C,.,D,.,P,.,,,,,,,,,,,,,,,,,,,,,,,
,self,chocolate tan,at,a,b,b,C,.,D,.,P,.,,,,,,,,,,,,,,,,,,,,,,,
,self,chocolate fox,at,.,b,b,cch,cch,D,.,P,.,,,,,,,,,,,,,,,,,,,,,,,
,self,chocolate fox,at,.,b,b,cch,ce,D,.,P,.,,,,,,,,,,,,,,,,,,,,,,,
,self,chocolate fox,at,.,b,b,ce,ce,D,.,P,.,,,,,,,,,,,,,,,,,,,,,,,
,self,mock-chocolate,a,a,b,b,cch,c,D,.,P,.,,,,,,,,,,,,,,,,,,,,,,,
,self,mock-chocolate,a,a,b,b,cch,ce,D,.,P,.,,,,,,,,,,,,,,,,,,,,,,,
,self,champagne,a,a,b,b,C,.,D,.,p,p,,,,,,,,,,,,,,,,,,,,,,,
,self,champagne tan,at,.,b,b,C,.,D,.,p,p,,,,,,,,,,,,,,,,,,,,,,,
,self,blue,a,a,B,.,C,.,d,d,P,.,Ln,.,,,,,,,,,,,,,,,,,,,,,
,self,blue,a,a,B,.,C,.,D,.,P,.,ln,ln,,,,,,,,,,,,,,,,,,,,,
,self,blue,a,a,B,.,C,.,d,d,P,.,ln,ln,,,,,,,,,,,,,,,,,,,,,
,self,blue fox,at,.,B,.,cch,cch,d,d,P,.,Ln,.,,,,,,,,,,,,,,,,,,,,,
,self,blue fox,at,.,B,.,cch,cch,D,.,P,.,ln,ln,,,,,,,,,,,,,,,,,,,,,
,self,blue fox,at,.,B,.,cch,cch,d,d,P,.,ln,ln,,,,,,,,,,,,,,,,,,,,,
,self,blue tan,at,.,B,.,C,.,d,d,P,.,Ln,.,,,,,,,,,,,,,,,,,,,,,
,self,blue tan,at,.,B,.,C,.,D,.,P,.,ln,ln,,,,,,,,,,,,,,,,,,,,,
,self,blue tan,at,.,B,.,C,.,d,d,P,.,ln,ln,,,,,,,,,,,,,,,,,,,,,
,self,silver,a,a,B,.,C,.,d,d,p,p,Ln,.,,,,,,,,,,,,,,,,,,,,,
,self,silver,a,a,B,.,C,.,D,.,p,p,ln,ln,,,,,,,,,,,,,,,,,,,,,
,self,silver,a,a,B,.,C,.,d,d,p,p,ln,ln,,,,,,,,,,,,,,,,,,,,,
,self,silver tan,at,.,B,.,C,.,d,d,p,p,Ln,.,,,,,,,,,,,,,,,,,,,,,
,self,silver tan,at,.,B,.,C,.,D,.,p,p,ln,ln,,,,,,,,,,,,,,,,,,,,,
,self,silver tan,at,.,B,.,C,.,d,d,p,p,ln,ln,,,,,,,,,,,,,,,,,,,,,
,self,silver brown,A,.,B,.,C,.,D,.,P,.,.,.,si,si,,,,,,,,,,,,,,,,,,,
,self,silver brown,A,.,bc,.,C,.,D,.,P,.,.,.,si,si,,,,,,,,,,,,,,,,,,,
,self,silver brown tan,A,at,B,.,C,.,D,.,P,.,.,.,si,si,,,,,,,,,,,,,,,,,,,
,self,silver brown tan,A,at,bc,.,C,.,D,.,P,.,.,.,si,si,,,,,,,,,,,,,,,,,,,
,self,silver brown tan,Aw,.,B,.,C,.,D,.,P,.,.,.,si,si,,,,,,,,,,,,,,,,,,,
,self,silver brown tan,Aw,.,bc,.,C,.,D,.,P,.,.,.,si,si,,,,,,,,,,,,,,,,,,,
,self,silver brown fox,A,at,B,.,cch,cch,D,.,P,.,.,.,si,si,,,,,,,,,,,,,,,,,,,
,self,silver fawn,Ay,.,B,.,C,.,D,.,P,.,.,.,si,si,,,,,,,,,,,,,,,,,,,
,self,silver fawn,Ay,.,B,.,C,.,D,.,p,p,.,.,si,si,,,,,,,,,,,,,,,,,,,
,self,silver grey,a,at,B,.,C,.,D,.,P,.,.,.,si,si,,,,,,,,,,,,,,,,,,,
,self,silver grey tan,at,.,B,.,C,.,D,.,P,.,.,.,si,si,,,,,,,,,,,,,,,,,,,
,self,lilac,a,a,b,b,C,.,d,d,P,.,,,,,,,,,,,,,,,,,,,,,,,
,self,lilac fox,at,.,b,b,cch,cch,d,d,P,.,Ln,.,,,,,,,,,,,,,,,,,,,,,
,self,lilac fox,at,.,b,b,cch,cch,D,.,P,.,ln,ln,,,,,,,,,,,,,,,,,,,,,
,self,lilac fox,at,.,b,b,cch,cch,d,d,P,.,ln,ln,,,,,,,,,,,,,,,,,,,,,
,self,lilac tan,at,.,b,b,C,.,d,d,P,.,Ln,.,,,,,,,,,,,,,,,,,,,,,
,self,lilac tan,at,.,b,b,C,.,D,.,P,.,ln,ln,,,,,,,,,,,,,,,,,,,,,
,self,lilac tan,at,.,b,b,C,.,d,d,P,.,ln,ln,,,,,,,,,,,,,,,,,,,,,
,self,lavender,a,a,b,b,C,.,d,d,p,p,,,,,,,,,,,,,,,,,,,,,,,
,self,beige,a,a,B,.,ce,ce,D,.,P,.,,,,,,,,,,,,,,,,,,,,,,,
dark ruby eyes,self,beige,a,a,b,b,ce,ce,D,.,P,.,,,,,,,,,,,,,,,,,,,,,,,
,self,beige fox,at,.,B,.,ce,ce,D,.,P,.,,,,,,,,,,,,,,,,,,,,,,,
dark ruby eyes,self,beige fox,at,.,b,b,ce,ce,D,.,P,.,,,,,,,,,,,,,,,,,,,,,,,
,self, bone- bew,a,a,B,.,ce,c,D,.,P,.,,,,,,,,,,,,,,,,,,,,,,,
,self,white- pew albino,.,.,.,.,c,c,.,.,.,.,,,,,,,,,,,,,,,,,,,,,,,
,self,red,Ay,.,B,.,C,.,D,.,P,.,,,,,,,,,,e,e,,,,,,,,,,,,
,self,red,Ay,.,bc,.,C,.,D,.,P,.,,,,,,,,,,e,e,,,,,,,,,,,,
,self,fawn,Ay,.,B,.,C,.,D,.,p,p,,,,,,,,,,e,e,,,,,,,,,,,,
,self,cream,Ay,.,B,.,cch,cch,D,.,P,.,,,,,,,,,,,,,,,,,,,,,,,
,self,cream,Ay,.,B,.,cch,cch,D,.,p,p,,,,,,,,,,,,,,,,,,,,,,,
,self,apricot,Ay,.,b,b,cch,cch,D,.,P,.,,,,,,,,,,,,,,,,,,,,,,,
,self,apricot,Ay,.,b,b,cch,cch,D,.,p,p,,,,,,,,,,,,,,,,,,,,,,,
,self,coffee,a,at,b,b,ce,ce,D,.,P,.,,,,,,,,,,,,,,,,,,,,,,,
,self,coffee fox,at,.,b,b,ce,ce,D,.,P,.,,,,,,,,,,,,,,,,,,,,,,,
,self,pearl,a,a,B,.,C,.,d,d,,,,,si,si,,,,,,,,pe,pe,,,,,,,,,,
,shaded/pionted,siamese seal point,a,a,B,.,ch,ch,D,.,P,.,,,,,,,,,,,,,,,,,,,,,,,
,shaded/pionted,siamese blue point,a,a,B,.,ch,ch,d,d,P,.,,,,,,,,,,,,,,,,,,,,,,,
,shaded/pionted,siamese choco point,a,a,b,b,ch,ch,D,.,P,.,,,,,,,,,,,,,,,,,,,,,,,
,shaded/pionted,himalayan,a,a,B,.,ch,c,D,.,P,.,,,,,,,,,,,,,,,,,,,,,,,
,shaded/pionted,colorpoint beige,a,a,B,.,ce,ch,D,.,P,.,,,,,,,,,,,,,,,,,,,,,,,
,shaded/pionted,colorpoint blue,a,a,B,.,ce,ch,d,d,P,.,,,,,,,,,,,,,,,,,,,,,,,
,shaded/pionted,burmese,a,a,B,.,cch,ch,D,.,P,.,,,,,,,,,,,,,,,,,,,,,,,
,shaded/pionted,blue burmese,a,a,B,.,cch,ch,d,d,P,.,,,,,,,,,,,,,,,,,,,,,,,
,shaded/pionted,sable,Ay,at,B,.,C,.,D,.,P,.,,,,,,,,,,,,,,U,.,,,,,,,,
,shaded/pionted,blue sable,Ay,at,B,.,C,.,d,d,P,.,,,,,,,,,,,,,,U,.,,,,,,,,
,shaded/pionted,lilac sable,Ay,at,b,b,C,.,d,d,P,.,Ln,.,,,,,,,,,,,,U,.,,,,,,,,
,shaded/pionted,lilac sable,Ay,at,b,b,C,.,D,.,P,.,ln,ln,,,,,,,,,,,,U,.,,,,,,,,
,shaded/pionted,lilac sable,Ay,at,b,b,C,.,d,d,P,.,ln,ln,,,,,,,,,,,,U,.,,,,,,,,
,shaded/pionted,chocolate sable,Ay,at,b,b,C,.,D,.,P,.,,,,,,,,,,,,,,U,.,,,,,,,,
,shaded/pionted,marten sable,Ay,at,B,.,cch,cch,D,.,P,.,,,,,,,,,,,,,,U,.,,,,,,,,
,shaded/pionted,snow martle sable,Ay,at,B,.,cch,c,D,.,P,.,,,,,,,,,,,,,,U,.,,,,,,,,
,shaded/pionted,dove sable,Ay,at,B,.,C,.,D,.,p,p,,,,,,,,,,,,,,U,.,,,,,,,,
,marked,banded,,,,,,,,,,,,,,,,Wsh,w,,,,,,,,,,,,,,,,
,marked,EU brindle,,,,,,,,,,,,,,,br,,,,,,,,,,,,,,,,,,
,marked,american brindle,Avy,.,,,,,,,,,,,,,,,,,,,,,,,,,,,,,,,
,marked,american brindle,Ahvy,.,,,,,,,,,,,,,,,,,,,,,,,,,,,,,,,
,marked,american brindle,am,.,,,,,,,,,,,,,,,,,,,,,,,,,,,,,,,
,marked,broken,,,,,,,,,,,,,,,,,,s,s,,,,,,,,,,,,,,
,marked,capped,,,,,,,,,,,,,,,,Wbd,Wsh,,,,,,,,,,,,,,,,
mo≈ºliwe ss,marked,dutch,,,,,,,,,,,,,,,,,,,,,,,,,,,,,,,,,
,marked,rumpwhite,,,,,,,,,,,,,,,,,,,,,,,,,,Rw,+,,,,,,
,marked,tricolor,,,,,,,,,,,,,,,,,,s,s,,,,,,,,,Spl,.,,,,
,marked,variegated,,,,,,,,,,,,,,,,W,w,,,,,,,,,,,,,,,,
,marked,merle,,,,,,,,,,,,,,,,,,,,,,,,,,,,,,Rn,Rn,,
,marked,roan,,,,,,,,,,,,,,,,,,,,,,,,,,,,,,Rn,.,,
,inne,splashed,,,,,c*,c*,,,,,,,,,,,,,,,,,,,,,,Spl,.,,,,
,inne,straw,Ay,A,bc,.,C,.,d,d,P,.,,,,,,,,,,,,,,,,,,,,,,,
,inne,straw,Ay,a,bc,.,C,.,d,d,P,.,,,,,,,,,,,,,,,,,,,,,,,
,inne,straw,Ay,A,bc,.,C,.,d,d,p,p,,,,,,,,,,,,,,,,,,,,,,,
,inne,straw,Ay,a,bc,.,C,.,d,d,p,p,,,,,,,,,,,,,,,,,,,,,,,
,inne,fuzzy,,,,,,,,,,,,,,,,,,,,,,,,,,,,,,,,fz,fz
unknown,inne,silver blue,,,,,,,,,,,,,,,,,,,,,,,,,,,,,,,,,
,inne,smoke,a,a,B,.,ce,ce,d,d,P,.,Ln,.,,,,,,,,,,,,,,,,,,,,,
,inne,smoke,a,a,B,.,ce,ce,D,.,P,.,ln,ln,,,,,,,,,,,,,,,,,,,,,
,inne,smoke,a,a,B,.,ce,ce,d,d,P,.,ln,ln,,,,,,,,,,,,,,,,,,,,,
,inne,sepia,a,a,B,.,cch,cch,D,.,P,.,,,,,,,,,,,,,,,,,,,,,,,
,inne,stone,a,a,B,.,cch,c,D,.,P,.,,,,,,,,,,,,,,,,,,,,,,,